orderid,userid,status
758,133,pending
130,124,pending
761,110,conformed
779,171,pending
665,113,
980,110,
264,187,conformed
186,107,
576,180,
983,102,pending
329,135,conformed
116,188,booked
727,180,pending
959,102,conformed
937,116,pending
368,110,pending
858,110,pending
611,119,pending
783,196,
726,131,
882,147,pending
474,167,
455,100,booked
398,149,
819,128,conformed
266,165,
716,175,pending
557,112,pending
989,187,pending
371,140,conformed
492,132,conformed
162,180,pending
323,178,
865,174,pending
931,172,pending
550,172,
440,126,booked
715,110,
956,140,conformed
251,140,booked
108,112,conformed
821,132,pending
118,106,pending
785,109,
463,169,pending
309,164,conformed
619,111,conformed
997,140,pending
932,139,
420,181,
829,158,
752,119,booked
008,188,conformed
058,112,conformed
905,125,pending
416,142,pending
308,134,
737,148,conformed
692,172,
869,182,booked
766,134,pending
476,151,conformed
711,153,conformed
584,166,pending
616,188,conformed
974,152,
696,128,booked
733,108,conformed
253,128,
750,149,pending
625,178,pending
677,154,pending
700,148,pending
817,107,
431,103,conformed
206,101,pending
122,179,
257,182,
354,190,booked
547,172,pending
948,112,conformed
560,137,booked
433,141,pending
061,135,conformed
667,194,
467,105,booked
086,146,booked
136,143,pending
330,116,booked
872,120,booked
100,195,pending
543,102,booked
965,107,pending
734,131,booked
171,149,
113,198,
836,120,pending
222,144,booked
773,106,
649,163,booked