id,firstname,lastname,countrycode
100,Minne,Drus,IQ
101,Jolyn,Margret,MC
102,Brena,Barrus,IQ
103,Roxane,Lorain,SV
104,Tobe,Arley,MV
105,Gilligan,Bendick,IE
106,Charmaine,Anyah,PL
107,Xylina,Kesley,UA
108,Cristabel,Douglass,AO
109,Gwenneth,Lay,TN
110,Charlena,Rozanna,TZ
111,Anallese,Morgun,TF
112,Lucy,Tatianas,AE
113,Gale,Zola,GE
114,Teriann,Old,RE
115,Marnia,Bebe,MQ
116,Henriette,Dorine,VE
117,Stephanie,Cadmar,VU
118,Margette,Jary,GR
119,Abbie,Jess,FJ
120,Caressa,Francene,KR
121,Xylina,Bashemeth,CR
122,Eolanda,Lutero,PS
123,Bee,Arvo,BB
124,Cristine,Kevon,FJ
125,Brianna,Westphal,FJ
126,Shaine,Colp,UY
127,Livvyy,Sigfrid,TG
128,Lanna,Aprile,FM
129,Beverley,Sidonius,BN
130,Cam,Evvie,CA
131,Hyacinthe,Myrilla,VE
132,Thalia,Jaylene,AZ
133,Aeriela,Podvin,WF
134,Chandra,Halsey,YE
135,Petronia,Hull,VN
136,Daryl,Zitvaa,GD
137,Randa,Voletta,TV
138,Pollyanna,Dosia,MG
139,Sarette,Brackely,IQ
140,Gilda,Malvino,IQ
141,Kalina,Ivens,BI
142,Riannon,Graig,AW
143,Dorene,Screens,GY
144,Krystle,My,CH
145,Selia,Sprage,AL
146,Pearline,Joeann,CI
147,Nessie,Philoo,MX
148,Rosanne,Deegan,IQ
149,Dede,Deny,YE
150,Robinia,Sinegold,ZW
151,Christy,Valerio,CO
152,Jan,Levey,YT
153,Bill,Drisko,IS
154,Jasmina,Atcliffe,IQ
155,Malina,Arquit,RE
156,Ninnetta,Janith,CD
157,Nadine,Rillings,GU
158,Babita,Seessel,VE
159,Dania,Rubie,TZ
160,Averyl,Ball,CH
161,Sidoney,Socha,QA
162,Emma,Nikaniki,GR
163,Dacia,Shields,MH
164,Di,Egbert,VC
165,Sybille,Glovsky,KM
166,Darlleen,Merat,PF
167,Goldie,Merna,GG
168,Lita,Boehike,GG
169,Henriette,Kirstin,DZ
170,Raf,Bow,PF
171,Gertrud,Arne,MO
172,Tami,Oriana,FO
173,Celene,Alfons,LK
174,Jeanna,Anderea,SA
175,Larine,Chinua,KE
176,Britte,Joachim,PT
177,Agathe,Janith,SB
178,Rayna,Gahl,KY
179,Tatiania,Celestine,YT
180,Lynnea,Longfellow,AS
181,Linet,Wildermuth,BF
182,Sissy,Tarrant,GF
183,Valli,Abernon,TH
184,Bibby,Keelia,NR
185,Betta,Kirbee,BO
186,Ekaterina,Charity,MU
187,Teddie,Luhe,BI
188,Jaclyn,Honoria,PA
189,Mariann,Dituri,ML
190,Fredericka,Ephrem,MR
191,Paulita,Seessel,EE
192,Farrah,Annice,CD
193,Helena,Clarissa,TF
194,Lynde,Buffum,NP
195,Elora,Behre,EE
196,Jenda,Timon,LI
197,Jasmina,Natalia,FJ
198,Leanna,Casimir,IR
199,Deane,Jerold,BV
